interval,region,focal_channel,channel,value
1,1,1,1,0.47
1,1,1,2,0.62
1,1,1,3,0.60
1,4,1,4,0.11
1,4,1,5,0.74
1,4,1,6,0.26
1,4,1,7,0.19
1,4,1,8,0.12
1,4,1,9,0.37
1,4,1,10,0.91
1,1,1,11,0.01
1,1,1,12,0.30
1,3,1,13,0.23
1,3,1,14,0.13
1,3,1,15,0.96
1,3,1,16,0.18
1,2,1,17,0.76
1,2,1,18,0.87
1,2,1,19,0.07
1,2,1,20,0.41
1,1,2,1,0.98
1,1,2,2,0.04
1,1,2,3,0.78
1,4,2,4,0.81
1,4,2,5,0.04
1,4,2,6,0.51
1,4,2,7,0.27
1,4,2,8,0.30
1,4,2,9,0.03
1,4,2,10,0.38
1,1,2,11,0.08
1,1,2,12,0.84
1,3,2,13,0.32
1,3,2,14,0.87
1,3,2,15,0.02
1,3,2,16,0.60
1,2,2,17,0.34
1,2,2,18,0.66
1,2,2,19,0.22
1,2,2,20,0.10
1,1,3,1,0.61
1,1,3,2,0.55
1,1,3,3,0.10
1,4,3,4,0.82
1,4,3,5,0.82
1,4,3,6,0.89
1,4,3,7,0.98
1,4,3,8,0.40
1,4,3,9,0.43
1,4,3,10,0.47
1,1,3,11,0.40
1,1,3,12,0.79
1,3,3,13,0.14
1,3,3,14,0.26
1,3,3,15,0.98
1,3,3,16,0.98
1,2,3,17,0.51
1,2,3,18,0.53
1,2,3,19,0.87
1,2,3,20,0.66
1,1,4,1,0.91
1,1,4,2,0.39
1,1,4,3,0.53
1,4,4,4,0.53
1,4,4,5,0.82
1,4,4,6,0.78
1,4,4,7,0.23
1,4,4,8,0.39
1,4,4,9,0.05
1,4,4,10,0.54
1,1,4,11,0.56
1,1,4,12,0.53
1,3,4,13,0.47
1,3,4,14,0.03
1,3,4,15,0.28
1,3,4,16,0.53
1,2,4,17,0.72
1,2,4,18,0.18
1,2,4,19,0.71
1,2,4,20,0.27
1,1,5,1,0.65
1,1,5,2,0.47
1,1,5,3,0.16
1,4,5,4,0.54
1,4,5,5,0.82
1,4,5,6,0.33
1,4,5,7,0.26
1,4,5,8,0.64
1,4,5,9,0.71
1,4,5,10,0.22
1,1,5,11,0.49
1,1,5,12,0.96
1,3,5,13,0.68
1,3,5,14,0.25
1,3,5,15,0.74
1,3,5,16,0.58
1,2,5,17,0.02
1,2,5,18,0.97
1,2,5,19,0.39
1,2,5,20,0.12
1,1,6,1,0.84
1,1,6,2,0.52
1,1,6,3,0.21
1,4,6,4,0.15
1,4,6,5,0.91
1,4,6,6,0.59
1,4,6,7,0.69
1,4,6,8,0.63
1,4,6,9,0.66
1,4,6,10,0.69
1,1,6,11,0.30
1,1,6,12,0.80
1,3,6,13,0.42
1,3,6,14,0.70
1,3,6,15,0.25
1,3,6,16,0.96
1,2,6,17,0.16
1,2,6,18,0.61
1,2,6,19,0.60
1,2,6,20,0.46
1,1,7,1,0.09
1,1,7,2,0.51
1,1,7,3,0.78
1,4,7,4,0.72
1,4,7,5,0.73
1,4,7,6,0.99
1,4,7,7,0.42
1,4,7,8,0.01
1,4,7,9,0.65
1,4,7,10,0.62
1,1,7,11,0.30
1,1,7,12,0.87
1,3,7,13,0.04
1,3,7,14,0.33
1,3,7,15,0.04
1,3,7,16,0.69
1,2,7,17,0.05
1,2,7,18,0.22
1,2,7,19,0.49
1,2,7,20,0.36
1,1,8,1,0.37
1,1,8,2,0.62
1,1,8,3,0.59
1,4,8,4,0.56
1,4,8,5,0.27
1,4,8,6,0.83
1,4,8,7,0.30
1,4,8,8,0.88
1,4,8,9,0.35
1,4,8,10,0.77
1,1,8,11,0.28
1,1,8,12,0.55
1,3,8,13,0.33
1,3,8,14,1.00
1,3,8,15,0.44
1,3,8,16,0.45
1,2,8,17,0.68
1,2,8,18,0.01
1,2,8,19,0.44
1,2,8,20,0.43
1,1,9,1,0.90
1,1,9,2,0.21
1,1,9,3,0.77
1,4,9,4,0.34
1,4,9,5,0.92
1,4,9,6,0.89
1,4,9,7,0.77
1,4,9,8,0.73
1,4,9,9,0.64
1,4,9,10,1.00
1,1,9,11,0.60
1,1,9,12,0.34
1,3,9,13,0.32
1,3,9,14,0.22
1,3,9,15,0.77
1,3,9,16,0.54
1,2,9,17,0.57
1,2,9,18,0.62
1,2,9,19,0.55
1,2,9,20,0.51
1,1,10,1,0.17
1,1,10,2,0.42
1,1,10,3,0.44
1,4,10,4,0.40
1,4,10,5,0.99
1,4,10,6,0.68
1,4,10,7,0.85
1,4,10,8,0.13
1,4,10,9,0.98
1,4,10,10,0.38
1,1,10,11,0.75
1,1,10,12,0.72
1,3,10,13,0.55
1,3,10,14,0.17
1,3,10,15,0.38
1,3,10,16,0.63
1,2,10,17,0.60
1,2,10,18,0.66
1,2,10,19,0.69
1,2,10,20,0.62
1,1,11,1,0.47
1,1,11,2,0.06
1,1,11,3,0.18
1,4,11,4,0.86
1,4,11,5,0.02
1,4,11,6,0.30
1,4,11,7,0.83
1,4,11,8,0.35
1,4,11,9,0.25
1,4,11,10,0.64
1,1,11,11,0.16
1,1,11,12,0.42
1,3,11,13,0.05
1,3,11,14,0.01
1,3,11,15,0.23
1,3,11,16,0.04
1,2,11,17,0.39
1,2,11,18,0.78
1,2,11,19,0.07
1,2,11,20,0.10
1,1,12,1,0.47
1,1,12,2,0.24
1,1,12,3,1.00
1,4,12,4,0.11
1,4,12,5,0.08
1,4,12,6,0.77
1,4,12,7,0.94
1,4,12,8,0.54
1,4,12,9,0.92
1,4,12,10,0.75
1,1,12,11,0.49
1,1,12,12,0.24
1,3,12,13,0.58
1,3,12,14,0.47
1,3,12,15,0.65
1,3,12,16,0.40
1,2,12,17,0.09
1,2,12,18,0.66
1,2,12,19,0.26
1,2,12,20,0.55
1,1,13,1,0.90
1,1,13,2,0.87
1,1,13,3,0.92
1,4,13,4,0.46
1,4,13,5,0.31
1,4,13,6,0.52
1,4,13,7,0.77
1,4,13,8,0.92
1,4,13,9,0.86
1,4,13,10,0.78
1,1,13,11,0.26
1,1,13,12,0.89
1,3,13,13,0.57
1,3,13,14,0.91
1,3,13,15,0.09
1,3,13,16,0.59
1,2,13,17,0.63
1,2,13,18,0.67
1,2,13,19,0.46
1,2,13,20,0.54
1,1,14,1,0.06
1,1,14,2,0.04
1,1,14,3,0.27
1,4,14,4,0.09
1,4,14,5,0.45
1,4,14,6,0.43
1,4,14,7,0.30
1,4,14,8,0.54
1,4,14,9,0.19
1,4,14,10,0.53
1,1,14,11,0.13
1,1,14,12,0.51
1,3,14,13,0.41
1,3,14,14,0.24
1,3,14,15,0.01
1,3,14,16,0.18
1,2,14,17,0.58
1,2,14,18,0.95
1,2,14,19,0.97
1,2,14,20,0.73
1,1,15,1,0.83
1,1,15,2,0.65
1,1,15,3,0.65
1,4,15,4,0.24
1,4,15,5,0.90
1,4,15,6,0.93
1,4,15,7,0.77
1,4,15,8,0.99
1,4,15,9,0.63
1,4,15,10,0.42
1,1,15,11,0.45
1,1,15,12,0.80
1,3,15,13,0.18
1,3,15,14,0.22
1,3,15,15,0.70
1,3,15,16,0.78
1,2,15,17,0.77
1,2,15,18,0.85
1,2,15,19,0.07
1,2,15,20,0.51
1,1,16,1,0.90
1,1,16,2,0.02
1,1,16,3,0.50
1,4,16,4,0.10
1,4,16,5,0.51
1,4,16,6,0.92
1,4,16,7,0.70
1,4,16,8,0.70
1,4,16,9,0.46
1,4,16,10,0.40
1,1,16,11,0.16
1,1,16,12,0.67
1,3,16,13,0.83
1,3,16,14,0.55
1,3,16,15,0.83
1,3,16,16,0.00
1,2,16,17,0.56
1,2,16,18,0.39
1,2,16,19,0.00
1,2,16,20,0.56
1,1,17,1,0.23
1,1,17,2,0.98
1,1,17,3,0.71
1,4,17,4,0.12
1,4,17,5,0.34
1,4,17,6,0.81
1,4,17,7,0.46
1,4,17,8,0.26
1,4,17,9,0.48
1,4,17,10,0.10
1,1,17,11,0.79
1,1,17,12,0.92
1,3,17,13,0.75
1,3,17,14,0.47
1,3,17,15,0.67
1,3,17,16,0.03
1,2,17,17,0.10
1,2,17,18,0.40
1,2,17,19,0.12
1,2,17,20,0.83
1,1,18,1,0.93
1,1,18,2,0.58
1,1,18,3,0.24
1,4,18,4,0.80
1,4,18,5,0.33
1,4,18,6,0.60
1,4,18,7,0.71
1,4,18,8,0.16
1,4,18,9,0.79
1,4,18,10,0.58
1,1,18,11,0.63
1,1,18,12,0.86
1,3,18,13,0.46
1,3,18,14,0.66
1,3,18,15,0.50
1,3,18,16,0.98
1,2,18,17,0.59
1,2,18,18,0.55
1,2,18,19,0.02
1,2,18,20,0.39
1,1,19,1,0.27
1,1,19,2,0.20
1,1,19,3,0.11
1,4,19,4,0.93
1,4,19,5,0.65
1,4,19,6,0.90
1,4,19,7,0.23
1,4,19,8,0.96
1,4,19,9,0.67
1,4,19,10,0.91
1,1,19,11,0.51
1,1,19,12,0.36
1,3,19,13,0.68
1,3,19,14,0.02
1,3,19,15,0.22
1,3,19,16,0.43
1,2,19,17,0.15
1,2,19,18,0.08
1,2,19,19,0.26
1,2,19,20,0.31
1,1,20,1,0.86
1,1,20,2,0.63
1,1,20,3,0.24
1,4,20,4,0.97
1,4,20,5,0.96
1,4,20,6,0.72
1,4,20,7,0.69
1,4,20,8,0.44
1,4,20,9,0.75
1,4,20,10,0.75
1,1,20,11,0.45
1,1,20,12,0.35
1,3,20,13,0.60
1,3,20,14,0.94
1,3,20,15,0.29
1,3,20,16,0.54
1,2,20,17,0.42
1,2,20,18,0.48
1,2,20,19,0.19
1,2,20,20,0.33
2,1,1,1,0.25
2,1,1,2,0.03
2,1,1,3,0.20
2,4,1,4,0.42
2,4,1,5,0.55
2,4,1,6,0.94
2,4,1,7,0.11
2,4,1,8,0.41
2,4,1,9,0.28
2,4,1,10,0.20
2,1,1,11,0.92
2,1,1,12,0.77
2,3,1,13,1.00
2,3,1,14,0.45
2,3,1,15,0.91
2,3,1,16,0.09
2,2,1,17,0.73
2,2,1,18,0.91
2,2,1,19,0.88
2,2,1,20,0.25
2,1,2,1,0.65
2,1,2,2,0.21
2,1,2,3,0.21
2,4,2,4,0.02
2,4,2,5,0.75
2,4,2,6,0.53
2,4,2,7,0.42
2,4,2,8,0.07
2,4,2,9,0.17
2,4,2,10,1.00
2,1,2,11,0.24
2,1,2,12,0.79
2,3,2,13,0.89
2,3,2,14,0.88
2,3,2,15,0.57
2,3,2,16,0.40
2,2,2,17,0.60
2,2,2,18,0.09
2,2,2,19,0.64
2,2,2,20,0.74
2,1,3,1,0.47
2,1,3,2,0.36
2,1,3,3,0.80
2,4,3,4,0.55
2,4,3,5,0.19
2,4,3,6,0.21
2,4,3,7,0.08
2,4,3,8,0.58
2,4,3,9,0.47
2,4,3,10,0.98
2,1,3,11,0.22
2,1,3,12,0.53
2,3,3,13,1.00
2,3,3,14,0.30
2,3,3,15,0.66
2,3,3,16,0.22
2,2,3,17,0.13
2,2,3,18,0.22
2,2,3,19,0.14
2,2,3,20,0.75
2,1,4,1,0.66
2,1,4,2,0.49
2,1,4,3,0.16
2,4,4,4,0.24
2,4,4,5,0.63
2,4,4,6,0.37
2,4,4,7,0.15
2,4,4,8,0.31
2,4,4,9,0.19
2,4,4,10,0.57
2,1,4,11,0.88
2,1,4,12,0.44
2,3,4,13,0.92
2,3,4,14,0.81
2,3,4,15,0.51
2,3,4,16,0.93
2,2,4,17,0.47
2,2,4,18,0.67
2,2,4,19,0.56
2,2,4,20,0.43
2,1,5,1,0.59
2,1,5,2,0.79
2,1,5,3,0.48
2,4,5,4,0.20
2,4,5,5,0.24
2,4,5,6,0.62
2,4,5,7,0.25
2,4,5,8,0.20
2,4,5,9,0.84
2,4,5,10,0.17
2,1,5,11,0.75
2,1,5,12,0.65
2,3,5,13,0.59
2,3,5,14,0.71
2,3,5,15,0.87
2,3,5,16,0.91
2,2,5,17,0.42
2,2,5,18,0.37
2,2,5,19,0.91
2,2,5,20,0.14
2,1,6,1,0.14
2,1,6,2,0.49
2,1,6,3,0.69
2,4,6,4,0.13
2,4,6,5,0.21
2,4,6,6,0.60
2,4,6,7,0.72
2,4,6,8,0.09
2,4,6,9,0.27
2,4,6,10,0.94
2,1,6,11,0.13
2,1,6,12,0.85
2,3,6,13,0.55
2,3,6,14,0.40
2,3,6,15,0.18
2,3,6,16,0.55
2,2,6,17,0.85
2,2,6,18,0.81
2,2,6,19,0.02
2,2,6,20,0.34
2,1,7,1,0.34
2,1,7,2,0.04
2,1,7,3,0.03
2,4,7,4,0.70
2,4,7,5,0.32
2,4,7,6,0.50
2,4,7,7,0.98
2,4,7,8,0.76
2,4,7,9,0.78
2,4,7,10,0.45
2,1,7,11,0.65
2,1,7,12,0.78
2,3,7,13,0.78
2,3,7,14,0.72
2,3,7,15,0.38
2,3,7,16,0.78
2,2,7,17,0.20
2,2,7,18,0.99
2,2,7,19,0.94
2,2,7,20,0.06
2,1,8,1,0.44
2,1,8,2,0.56
2,1,8,3,0.01
2,4,8,4,0.25
2,4,8,5,0.97
2,4,8,6,0.26
2,4,8,7,1.00
2,4,8,8,0.97
2,4,8,9,0.26
2,4,8,10,0.02
2,1,8,11,0.19
2,1,8,12,0.29
2,3,8,13,0.84
2,3,8,14,0.80
2,3,8,15,0.53
2,3,8,16,0.86
2,2,8,17,0.19
2,2,8,18,0.20
2,2,8,19,0.50
2,2,8,20,0.59
2,1,9,1,0.29
2,1,9,2,0.51
2,1,9,3,0.86
2,4,9,4,0.85
2,4,9,5,0.80
2,4,9,6,0.77
2,4,9,7,0.43
2,4,9,8,0.83
2,4,9,9,0.29
2,4,9,10,0.81
2,1,9,11,0.75
2,1,9,12,0.10
2,3,9,13,0.24
2,3,9,14,0.91
2,3,9,15,0.31
2,3,9,16,0.39
2,2,9,17,0.92
2,2,9,18,0.40
2,2,9,19,0.08
2,2,9,20,0.31
2,1,10,1,0.58
2,1,10,2,0.39
2,1,10,3,0.65
2,4,10,4,0.07
2,4,10,5,0.70
2,4,10,6,0.64
2,4,10,7,0.81
2,4,10,8,0.90
2,4,10,9,0.37
2,4,10,10,0.30
2,1,10,11,0.26
2,1,10,12,0.77
2,3,10,13,0.41
2,3,10,14,0.85
2,3,10,15,0.58
2,3,10,16,0.02
2,2,10,17,0.70
2,2,10,18,0.66
2,2,10,19,0.37
2,2,10,20,0.30
2,1,11,1,0.81
2,1,11,2,0.26
2,1,11,3,0.86
2,4,11,4,0.84
2,4,11,5,0.79
2,4,11,6,0.56
2,4,11,7,0.28
2,4,11,8,0.06
2,4,11,9,0.92
2,4,11,10,0.14
2,1,11,11,0.17
2,1,11,12,0.71
2,3,11,13,0.32
2,3,11,14,0.69
2,3,11,15,0.94
2,3,11,16,0.86
2,2,11,17,0.30
2,2,11,18,0.24
2,2,11,19,0.32
2,2,11,20,0.80
2,1,12,1,0.74
2,1,12,2,0.40
2,1,12,3,0.23
2,4,12,4,0.45
2,4,12,5,0.29
2,4,12,6,0.67
2,4,12,7,0.69
2,4,12,8,0.60
2,4,12,9,0.32
2,4,12,10,0.30
2,1,12,11,0.43
2,1,12,12,0.33
2,3,12,13,0.08
2,3,12,14,0.41
2,3,12,15,0.87
2,3,12,16,0.18
2,2,12,17,0.99
2,2,12,18,0.34
2,2,12,19,0.02
2,2,12,20,0.44
2,1,13,1,0.27
2,1,13,2,0.78
2,1,13,3,0.97
2,4,13,4,0.69
2,4,13,5,0.01
2,4,13,6,0.99
2,4,13,7,0.99
2,4,13,8,0.89
2,4,13,9,0.66
2,4,13,10,0.96
2,1,13,11,0.78
2,1,13,12,0.82
2,3,13,13,0.16
2,3,13,14,0.50
2,3,13,15,0.37
2,3,13,16,0.90
2,2,13,17,0.17
2,2,13,18,0.51
2,2,13,19,0.92
2,2,13,20,0.98
2,1,14,1,0.58
2,1,14,2,0.71
2,1,14,3,0.33
2,4,14,4,0.44
2,4,14,5,0.71
2,4,14,6,0.87
2,4,14,7,0.23
2,4,14,8,0.25
2,4,14,9,0.39
2,4,14,10,0.01
2,1,14,11,0.18
2,1,14,12,0.32
2,3,14,13,0.37
2,3,14,14,0.66
2,3,14,15,0.35
2,3,14,16,0.39
2,2,14,17,0.37
2,2,14,18,0.57
2,2,14,19,0.39
2,2,14,20,0.56
2,1,15,1,0.21
2,1,15,2,0.25
2,1,15,3,0.73
2,4,15,4,0.72
2,4,15,5,0.71
2,4,15,6,0.93
2,4,15,7,1.00
2,4,15,8,0.92
2,4,15,9,0.91
2,4,15,10,0.63
2,1,15,11,0.82
2,1,15,12,0.49
2,3,15,13,0.91
2,3,15,14,0.19
2,3,15,15,0.97
2,3,15,16,0.46
2,2,15,17,0.05
2,2,15,18,0.37
2,2,15,19,0.24
2,2,15,20,0.20
2,1,16,1,0.31
2,1,16,2,0.36
2,1,16,3,0.55
2,4,16,4,0.88
2,4,16,5,0.68
2,4,16,6,0.24
2,4,16,7,0.40
2,4,16,8,0.43
2,4,16,9,0.08
2,4,16,10,0.21
2,1,16,11,0.20
2,1,16,12,0.78
2,3,16,13,0.80
2,3,16,14,0.11
2,3,16,15,0.92
2,3,16,16,0.86
2,2,16,17,0.32
2,2,16,18,0.45
2,2,16,19,0.58
2,2,16,20,0.15
2,1,17,1,0.91
2,1,17,2,0.12
2,1,17,3,0.62
2,4,17,4,0.89
2,4,17,5,0.43
2,4,17,6,0.50
2,4,17,7,0.60
2,4,17,8,0.52
2,4,17,9,0.83
2,4,17,10,0.07
2,1,17,11,0.88
2,1,17,12,0.49
2,3,17,13,0.60
2,3,17,14,0.63
2,3,17,15,0.97
2,3,17,16,0.65
2,2,17,17,0.61
2,2,17,18,0.72
2,2,17,19,0.23
2,2,17,20,0.60
2,1,18,1,0.52
2,1,18,2,0.56
2,1,18,3,0.49
2,4,18,4,0.78
2,4,18,5,0.09
2,4,18,6,0.03
2,4,18,7,0.05
2,4,18,8,0.52
2,4,18,9,0.24
2,4,18,10,0.12
2,1,18,11,0.54
2,1,18,12,0.07
2,3,18,13,0.27
2,3,18,14,0.25
2,3,18,15,0.79
2,3,18,16,0.20
2,2,18,17,0.57
2,2,18,18,0.90
2,2,18,19,0.17
2,2,18,20,0.62
2,1,19,1,0.72
2,1,19,2,0.39
2,1,19,3,0.80
2,4,19,4,0.22
2,4,19,5,0.80
2,4,19,6,0.33
2,4,19,7,0.01
2,4,19,8,0.20
2,4,19,9,0.02
2,4,19,10,0.96
2,1,19,11,0.57
2,1,19,12,0.86
2,3,19,13,0.08
2,3,19,14,0.91
2,3,19,15,0.57
2,3,19,16,0.57
2,2,19,17,0.81
2,2,19,18,0.42
2,2,19,19,0.93
2,2,19,20,0.72
2,1,20,1,0.73
2,1,20,2,0.19
2,1,20,3,0.87
2,4,20,4,0.79
2,4,20,5,0.79
2,4,20,6,0.43
2,4,20,7,0.04
2,4,20,8,0.09
2,4,20,9,0.50
2,4,20,10,0.77
2,1,20,11,0.11
2,1,20,12,0.32
2,3,20,13,1.00
2,3,20,14,0.09
2,3,20,15,0.80
2,3,20,16,0.76
2,2,20,17,0.67
2,2,20,18,0.57
2,2,20,19,0.52
2,2,20,20,0.44
3,1,1,1,0.17
3,1,1,2,0.62
3,1,1,3,0.74
3,4,1,4,0.49
3,4,1,5,0.84
3,4,1,6,0.88
3,4,1,7,0.48
3,4,1,8,0.13
3,4,1,9,0.87
3,4,1,10,0.08
3,1,1,11,0.79
3,1,1,12,0.67
3,3,1,13,0.67
3,3,1,14,0.55
3,3,1,15,0.08
3,3,1,16,0.85
3,2,1,17,0.25
3,2,1,18,0.09
3,2,1,19,0.09
3,2,1,20,0.48
3,1,2,1,0.25
3,1,2,2,0.07
3,1,2,3,0.13
3,4,2,4,0.54
3,4,2,5,0.59
3,4,2,6,0.39
3,4,2,7,0.99
3,4,2,8,0.32
3,4,2,9,0.13
3,4,2,10,0.97
3,1,2,11,0.50
3,1,2,12,0.46
3,3,2,13,0.91
3,3,2,14,0.60
3,3,2,15,0.16
3,3,2,16,0.60
3,2,2,17,0.29
3,2,2,18,0.89
3,2,2,19,0.81
3,2,2,20,0.36
3,1,3,1,0.11
3,1,3,2,0.94
3,1,3,3,0.24
3,4,3,4,0.17
3,4,3,5,0.86
3,4,3,6,0.15
3,4,3,7,0.43
3,4,3,8,0.01
3,4,3,9,0.08
3,4,3,10,0.84
3,1,3,11,0.68
3,1,3,12,0.76
3,3,3,13,0.88
3,3,3,14,0.16
3,3,3,15,0.31
3,3,3,16,0.99
3,2,3,17,0.04
3,2,3,18,0.43
3,2,3,19,0.64
3,2,3,20,0.19
3,1,4,1,0.89
3,1,4,2,0.81
3,1,4,3,0.50
3,4,4,4,0.31
3,4,4,5,0.88
3,4,4,6,0.28
3,4,4,7,0.48
3,4,4,8,0.94
3,4,4,9,0.53
3,4,4,10,0.15
3,1,4,11,0.84
3,1,4,12,0.68
3,3,4,13,0.43
3,3,4,14,0.42
3,3,4,15,0.98
3,3,4,16,0.19
3,2,4,17,0.52
3,2,4,18,0.51
3,2,4,19,0.42
3,2,4,20,0.24
3,1,5,1,0.72
3,1,5,2,0.54
3,1,5,3,0.83
3,4,5,4,0.88
3,4,5,5,0.03
3,4,5,6,0.21
3,4,5,7,0.40
3,4,5,8,0.05
3,4,5,9,0.11
3,4,5,10,0.49
3,1,5,11,0.40
3,1,5,12,0.63
3,3,5,13,0.75
3,3,5,14,0.02
3,3,5,15,0.82
3,3,5,16,0.34
3,2,5,17,0.79
3,2,5,18,1.00
3,2,5,19,0.61
3,2,5,20,0.79
3,1,6,1,0.43
3,1,6,2,0.60
3,1,6,3,0.14
3,4,6,4,0.11
3,4,6,5,0.75
3,4,6,6,0.19
3,4,6,7,0.60
3,4,6,8,0.04
3,4,6,9,0.38
3,4,6,10,0.15
3,1,6,11,0.46
3,1,6,12,0.21
3,3,6,13,0.99
3,3,6,14,0.80
3,3,6,15,0.58
3,3,6,16,0.52
3,2,6,17,0.48
3,2,6,18,0.38
3,2,6,19,1.00
3,2,6,20,0.58
3,1,7,1,0.81
3,1,7,2,0.40
3,1,7,3,0.72
3,4,7,4,0.15
3,4,7,5,0.96
3,4,7,6,0.74
3,4,7,7,0.58
3,4,7,8,0.08
3,4,7,9,0.72
3,4,7,10,0.65
3,1,7,11,0.57
3,1,7,12,0.84
3,3,7,13,0.30
3,3,7,14,0.52
3,3,7,15,0.63
3,3,7,16,0.67
3,2,7,17,0.97
3,2,7,18,1.00
3,2,7,19,0.16
3,2,7,20,0.92
3,1,8,1,0.88
3,1,8,2,0.95
3,1,8,3,0.78
3,4,8,4,0.56
3,4,8,5,0.12
3,4,8,6,0.57
3,4,8,7,0.22
3,4,8,8,0.82
3,4,8,9,0.54
3,4,8,10,0.93
3,1,8,11,0.18
3,1,8,12,0.02
3,3,8,13,0.49
3,3,8,14,0.37
3,3,8,15,0.04
3,3,8,16,0.62
3,2,8,17,0.90
3,2,8,18,0.48
3,2,8,19,0.85
3,2,8,20,0.59
3,1,9,1,0.82
3,1,9,2,0.19
3,1,9,3,0.74
3,4,9,4,0.65
3,4,9,5,0.50
3,4,9,6,0.88
3,4,9,7,0.92
3,4,9,8,0.25
3,4,9,9,0.51
3,4,9,10,0.13
3,1,9,11,0.68
3,1,9,12,0.62
3,3,9,13,0.54
3,3,9,14,0.36
3,3,9,15,0.84
3,3,9,16,0.61
3,2,9,17,0.05
3,2,9,18,0.43
3,2,9,19,0.77
3,2,9,20,0.41
3,1,10,1,0.84
3,1,10,2,0.94
3,1,10,3,0.03
3,4,10,4,0.22
3,4,10,5,0.82
3,4,10,6,0.17
3,4,10,7,0.65
3,4,10,8,0.79
3,4,10,9,0.11
3,4,10,10,0.43
3,1,10,11,0.52
3,1,10,12,0.30
3,3,10,13,0.83
3,3,10,14,0.19
3,3,10,15,0.16
3,3,10,16,0.00
3,2,10,17,0.94
3,2,10,18,0.06
3,2,10,19,0.87
3,2,10,20,0.83
3,1,11,1,0.11
3,1,11,2,0.20
3,1,11,3,0.73
3,4,11,4,0.68
3,4,11,5,0.74
3,4,11,6,0.08
3,4,11,7,0.87
3,4,11,8,0.46
3,4,11,9,0.41
3,4,11,10,0.41
3,1,11,11,1.00
3,1,11,12,0.22
3,3,11,13,0.31
3,3,11,14,0.96
3,3,11,15,0.35
3,3,11,16,0.05
3,2,11,17,0.97
3,2,11,18,0.18
3,2,11,19,0.39
3,2,11,20,0.76
3,1,12,1,1.00
3,1,12,2,0.27
3,1,12,3,0.90
3,4,12,4,0.40
3,4,12,5,0.94
3,4,12,6,0.69
3,4,12,7,0.95
3,4,12,8,0.71
3,4,12,9,0.59
3,4,12,10,0.90
3,1,12,11,0.18
3,1,12,12,0.68
3,3,12,13,0.81
3,3,12,14,0.98
3,3,12,15,0.55
3,3,12,16,0.27
3,2,12,17,0.96
3,2,12,18,0.52
3,2,12,19,0.89
3,2,12,20,0.55
3,1,13,1,0.65
3,1,13,2,0.72
3,1,13,3,0.83
3,4,13,4,0.48
3,4,13,5,0.50
3,4,13,6,0.05
3,4,13,7,0.83
3,4,13,8,0.59
3,4,13,9,0.36
3,4,13,10,0.52
3,1,13,11,0.37
3,1,13,12,0.91
3,3,13,13,0.20
3,3,13,14,0.42
3,3,13,15,0.35
3,3,13,16,0.42
3,2,13,17,0.28
3,2,13,18,0.28
3,2,13,19,0.78
3,2,13,20,0.31
3,1,14,1,0.82
3,1,14,2,0.45
3,1,14,3,0.14
3,4,14,4,0.12
3,4,14,5,0.56
3,4,14,6,0.75
3,4,14,7,0.63
3,4,14,8,0.10
3,4,14,9,0.52
3,4,14,10,0.61
3,1,14,11,0.24
3,1,14,12,0.64
3,3,14,13,0.09
3,3,14,14,0.31
3,3,14,15,0.30
3,3,14,16,0.68
3,2,14,17,0.89
3,2,14,18,0.24
3,2,14,19,0.14
3,2,14,20,0.88
3,1,15,1,0.09
3,1,15,2,0.51
3,1,15,3,0.77
3,4,15,4,0.68
3,4,15,5,0.16
3,4,15,6,0.94
3,4,15,7,0.54
3,4,15,8,0.58
3,4,15,9,0.33
3,4,15,10,0.89
3,1,15,11,0.21
3,1,15,12,0.68
3,3,15,13,0.47
3,3,15,14,0.39
3,3,15,15,0.29
3,3,15,16,0.76
3,2,15,17,0.89
3,2,15,18,0.58
3,2,15,19,0.85
3,2,15,20,0.05
3,1,16,1,0.90
3,1,16,2,0.56
3,1,16,3,0.89
3,4,16,4,0.45
3,4,16,5,0.14
3,4,16,6,0.94
3,4,16,7,0.41
3,4,16,8,0.98
3,4,16,9,0.92
3,4,16,10,0.64
3,1,16,11,0.50
3,1,16,12,0.55
3,3,16,13,0.84
3,3,16,14,0.80
3,3,16,15,0.23
3,3,16,16,0.32
3,2,16,17,0.34
3,2,16,18,0.10
3,2,16,19,0.77
3,2,16,20,0.91
3,1,17,1,0.16
3,1,17,2,0.34
3,1,17,3,0.61
3,4,17,4,0.38
3,4,17,5,0.41
3,4,17,6,0.23
3,4,17,7,0.56
3,4,17,8,0.74
3,4,17,9,0.83
3,4,17,10,0.94
3,1,17,11,0.50
3,1,17,12,0.54
3,3,17,13,0.33
3,3,17,14,0.97
3,3,17,15,0.11
3,3,17,16,0.63
3,2,17,17,0.45
3,2,17,18,0.84
3,2,17,19,0.08
3,2,17,20,0.82
3,1,18,1,0.27
3,1,18,2,0.44
3,1,18,3,0.09
3,4,18,4,0.41
3,4,18,5,0.41
3,4,18,6,0.99
3,4,18,7,0.56
3,4,18,8,0.04
3,4,18,9,0.62
3,4,18,10,0.00
3,1,18,11,0.66
3,1,18,12,0.28
3,3,18,13,0.89
3,3,18,14,0.20
3,3,18,15,0.98
3,3,18,16,0.31
3,2,18,17,0.22
3,2,18,18,0.31
3,2,18,19,0.93
3,2,18,20,0.76
3,1,19,1,0.73
3,1,19,2,0.08
3,1,19,3,0.62
3,4,19,4,0.35
3,4,19,5,0.46
3,4,19,6,0.45
3,4,19,7,0.23
3,4,19,8,0.17
3,4,19,9,0.67
3,4,19,10,0.20
3,1,19,11,0.16
3,1,19,12,0.61
3,3,19,13,0.61
3,3,19,14,0.25
3,3,19,15,0.12
3,3,19,16,0.34
3,2,19,17,0.73
3,2,19,18,0.56
3,2,19,19,0.97
3,2,19,20,0.97
3,1,20,1,0.03
3,1,20,2,0.47
3,1,20,3,0.51
3,4,20,4,0.27
3,4,20,5,0.39
3,4,20,6,0.59
3,4,20,7,0.12
3,4,20,8,0.74
3,4,20,9,0.74
3,4,20,10,0.30
3,1,20,11,0.04
3,1,20,12,0.24
3,3,20,13,0.35
3,3,20,14,0.40
3,3,20,15,0.65
3,3,20,16,0.66
3,2,20,17,0.97
3,2,20,18,0.84
3,2,20,19,0.55
3,2,20,20,0.72
4,1,1,1,0.31
4,1,1,2,0.89
4,1,1,3,0.97
4,4,1,4,0.74
4,4,1,5,0.68
4,4,1,6,0.90
4,4,1,7,0.64
4,4,1,8,0.36
4,4,1,9,0.27
4,4,1,10,0.01
4,1,1,11,0.32
4,1,1,12,0.36
4,3,1,13,0.47
4,3,1,14,0.98
4,3,1,15,0.00
4,3,1,16,0.50
4,2,1,17,0.88
4,2,1,18,0.30
4,2,1,19,0.79
4,2,1,20,0.58
4,1,2,1,0.48
4,1,2,2,0.63
4,1,2,3,0.94
4,4,2,4,0.62
4,4,2,5,0.87
4,4,2,6,1.00
4,4,2,7,0.47
4,4,2,8,0.51
4,4,2,9,0.13
4,4,2,10,0.40
4,1,2,11,0.16
4,1,2,12,0.62
4,3,2,13,0.35
4,3,2,14,0.37
4,3,2,15,0.33
4,3,2,16,0.18
4,2,2,17,0.44
4,2,2,18,0.30
4,2,2,19,0.50
4,2,2,20,0.08
4,1,3,1,0.26
4,1,3,2,0.62
4,1,3,3,0.74
4,4,3,4,0.16
4,4,3,5,0.11
4,4,3,6,0.29
4,4,3,7,0.99
4,4,3,8,0.05
4,4,3,9,0.71
4,4,3,10,0.26
4,1,3,11,0.73
4,1,3,12,0.50
4,3,3,13,0.16
4,3,3,14,0.98
4,3,3,15,0.80
4,3,3,16,0.00
4,2,3,17,0.53
4,2,3,18,0.84
4,2,3,19,0.65
4,2,3,20,0.08
4,1,4,1,0.30
4,1,4,2,0.07
4,1,4,3,0.32
4,4,4,4,0.52
4,4,4,5,0.23
4,4,4,6,0.27
4,4,4,7,0.11
4,4,4,8,0.94
4,4,4,9,0.99
4,4,4,10,0.24
4,1,4,11,0.41
4,1,4,12,0.95
4,3,4,13,0.58
4,3,4,14,0.86
4,3,4,15,0.03
4,3,4,16,0.90
4,2,4,17,0.14
4,2,4,18,0.24
4,2,4,19,0.04
4,2,4,20,0.25
4,1,5,1,0.76
4,1,5,2,0.81
4,1,5,3,0.76
4,4,5,4,0.36
4,4,5,5,0.35
4,4,5,6,0.81
4,4,5,7,0.05
4,4,5,8,0.44
4,4,5,9,0.45
4,4,5,10,0.82
4,1,5,11,0.72
4,1,5,12,0.16
4,3,5,13,0.76
4,3,5,14,0.86
4,3,5,15,0.13
4,3,5,16,0.60
4,2,5,17,0.96
4,2,5,18,0.86
4,2,5,19,0.27
4,2,5,20,0.82
4,1,6,1,0.19
4,1,6,2,0.59
4,1,6,3,0.47
4,4,6,4,0.04
4,4,6,5,0.85
4,4,6,6,0.85
4,4,6,7,0.21
4,4,6,8,0.50
4,4,6,9,0.97
4,4,6,10,0.41
4,1,6,11,0.39
4,1,6,12,0.00
4,3,6,13,0.46
4,3,6,14,0.98
4,3,6,15,0.54
4,3,6,16,0.08
4,2,6,17,0.49
4,2,6,18,0.48
4,2,6,19,0.94
4,2,6,20,0.18
4,1,7,1,0.24
4,1,7,2,0.74
4,1,7,3,0.64
4,4,7,4,0.24
4,4,7,5,0.41
4,4,7,6,0.24
4,4,7,7,0.40
4,4,7,8,0.43
4,4,7,9,0.75
4,4,7,10,0.36
4,1,7,11,0.93
4,1,7,12,0.95
4,3,7,13,0.19
4,3,7,14,0.19
4,3,7,15,0.30
4,3,7,16,0.32
4,2,7,17,0.66
4,2,7,18,0.23
4,2,7,19,0.66
4,2,7,20,0.62
4,1,8,1,0.70
4,1,8,2,0.32
4,1,8,3,0.09
4,4,8,4,0.50
4,4,8,5,0.20
4,4,8,6,0.81
4,4,8,7,0.16
4,4,8,8,0.07
4,4,8,9,0.96
4,4,8,10,0.42
4,1,8,11,0.65
4,1,8,12,0.66
4,3,8,13,0.96
4,3,8,14,0.07
4,3,8,15,0.82
4,3,8,16,0.20
4,2,8,17,0.88
4,2,8,18,0.07
4,2,8,19,0.21
4,2,8,20,0.34
4,1,9,1,0.44
4,1,9,2,0.09
4,1,9,3,0.81
4,4,9,4,0.93
4,4,9,5,0.13
4,4,9,6,0.37
4,4,9,7,0.07
4,4,9,8,0.14
4,4,9,9,0.74
4,4,9,10,0.36
4,1,9,11,0.16
4,1,9,12,0.90
4,3,9,13,0.42
4,3,9,14,0.92
4,3,9,15,0.00
4,3,9,16,0.33
4,2,9,17,0.68
4,2,9,18,0.55
4,2,9,19,0.60
4,2,9,20,0.39
4,1,10,1,0.80
4,1,10,2,0.27
4,1,10,3,0.58
4,4,10,4,0.56
4,4,10,5,0.81
4,4,10,6,0.62
4,4,10,7,0.67
4,4,10,8,0.96
4,4,10,9,0.78
4,4,10,10,0.72
4,1,10,11,0.04
4,1,10,12,0.73
4,3,10,13,0.58
4,3,10,14,0.87
4,3,10,15,0.99
4,3,10,16,0.46
4,2,10,17,0.65
4,2,10,18,1.00
4,2,10,19,0.77
4,2,10,20,0.68
4,1,11,1,0.06
4,1,11,2,0.36
4,1,11,3,0.99
4,4,11,4,0.74
4,4,11,5,0.31
4,4,11,6,0.84
4,4,11,7,0.22
4,4,11,8,0.80
4,4,11,9,0.69
4,4,11,10,0.47
4,1,11,11,0.64
4,1,11,12,0.43
4,3,11,13,0.83
4,3,11,14,0.32
4,3,11,15,0.71
4,3,11,16,0.67
4,2,11,17,0.95
4,2,11,18,0.68
4,2,11,19,0.31
4,2,11,20,0.96
4,1,12,1,0.37
4,1,12,2,0.18
4,1,12,3,0.47
4,4,12,4,0.12
4,4,12,5,0.54
4,4,12,6,0.60
4,4,12,7,0.75
4,4,12,8,0.99
4,4,12,9,0.74
4,4,12,10,0.86
4,1,12,11,0.82
4,1,12,12,0.62
4,3,12,13,0.60
4,3,12,14,0.40
4,3,12,15,0.94
4,3,12,16,0.31
4,2,12,17,0.72
4,2,12,18,0.73
4,2,12,19,0.68
4,2,12,20,0.58
4,1,13,1,0.72
4,1,13,2,0.12
4,1,13,3,0.03
4,4,13,4,0.88
4,4,13,5,0.98
4,4,13,6,0.11
4,4,13,7,0.90
4,4,13,8,0.45
4,4,13,9,0.05
4,4,13,10,0.15
4,1,13,11,0.54
4,1,13,12,0.55
4,3,13,13,0.45
4,3,13,14,0.98
4,3,13,15,0.33
4,3,13,16,0.87
4,2,13,17,0.68
4,2,13,18,0.62
4,2,13,19,0.31
4,2,13,20,0.03
4,1,14,1,0.16
4,1,14,2,0.78
4,1,14,3,0.72
4,4,14,4,0.36
4,4,14,5,0.01
4,4,14,6,0.06
4,4,14,7,0.05
4,4,14,8,0.48
4,4,14,9,0.69
4,4,14,10,0.36
4,1,14,11,0.17
4,1,14,12,0.64
4,3,14,13,0.65
4,3,14,14,0.09
4,3,14,15,0.38
4,3,14,16,0.61
4,2,14,17,0.67
4,2,14,18,0.36
4,2,14,19,0.74
4,2,14,20,0.82
4,1,15,1,0.44
4,1,15,2,0.87
4,1,15,3,0.07
4,4,15,4,0.31
4,4,15,5,0.09
4,4,15,6,0.53
4,4,15,7,0.72
4,4,15,8,0.45
4,4,15,9,0.83
4,4,15,10,0.23
4,1,15,11,0.53
4,1,15,12,0.42
4,3,15,13,0.98
4,3,15,14,0.16
4,3,15,15,0.37
4,3,15,16,0.09
4,2,15,17,0.13
4,2,15,18,0.89
4,2,15,19,0.37
4,2,15,20,0.21
4,1,16,1,0.44
4,1,16,2,1.00
4,1,16,3,0.82
4,4,16,4,0.24
4,4,16,5,0.41
4,4,16,6,0.46
4,4,16,7,0.28
4,4,16,8,0.81
4,4,16,9,0.08
4,4,16,10,0.74
4,1,16,11,0.48
4,1,16,12,0.89
4,3,16,13,0.46
4,3,16,14,0.70
4,3,16,15,0.43
4,3,16,16,0.76
4,2,16,17,0.79
4,2,16,18,0.37
4,2,16,19,0.94
4,2,16,20,0.67
4,1,17,1,0.05
4,1,17,2,0.48
4,1,17,3,0.57
4,4,17,4,0.56
4,4,17,5,0.57
4,4,17,6,0.01
4,4,17,7,0.37
4,4,17,8,0.36
4,4,17,9,0.05
4,4,17,10,0.60
4,1,17,11,0.44
4,1,17,12,0.18
4,3,17,13,0.63
4,3,17,14,0.17
4,3,17,15,0.75
4,3,17,16,0.15
4,2,17,17,0.91
4,2,17,18,0.29
4,2,17,19,0.90
4,2,17,20,0.37
4,1,18,1,0.18
4,1,18,2,0.37
4,1,18,3,0.44
4,4,18,4,0.48
4,4,18,5,0.18
4,4,18,6,0.84
4,4,18,7,0.52
4,4,18,8,0.25
4,4,18,9,0.43
4,4,18,10,0.65
4,1,18,11,0.98
4,1,18,12,1.00
4,3,18,13,0.89
4,3,18,14,0.40
4,3,18,15,0.22
4,3,18,16,0.57
4,2,18,17,0.98
4,2,18,18,0.42
4,2,18,19,0.60
4,2,18,20,0.40
4,1,19,1,0.82
4,1,19,2,0.49
4,1,19,3,0.61
4,4,19,4,0.03
4,4,19,5,0.96
4,4,19,6,0.31
4,4,19,7,0.91
4,4,19,8,0.58
4,4,19,9,0.05
4,4,19,10,0.97
4,1,19,11,0.81
4,1,19,12,0.34
4,3,19,13,0.61
4,3,19,14,0.92
4,3,19,15,0.30
4,3,19,16,0.89
4,2,19,17,0.88
4,2,19,18,0.19
4,2,19,19,0.71
4,2,19,20,0.78
4,1,20,1,0.58
4,1,20,2,0.27
4,1,20,3,0.38
4,4,20,4,0.84
4,4,20,5,0.65
4,4,20,6,0.13
4,4,20,7,0.17
4,4,20,8,0.34
4,4,20,9,0.53
4,4,20,10,0.90
4,1,20,11,0.35
4,1,20,12,0.30
4,3,20,13,0.74
4,3,20,14,0.19
4,3,20,15,0.67
4,3,20,16,0.00
4,2,20,17,0.57
4,2,20,18,0.99
4,2,20,19,0.44
4,2,20,20,0.41
5,1,1,1,0.79
5,1,1,2,0.97
5,1,1,3,0.62
5,4,1,4,0.96
5,4,1,5,0.88
5,4,1,6,0.29
5,4,1,7,0.93
5,4,1,8,0.89
5,4,1,9,0.12
5,4,1,10,0.92
5,1,1,11,0.98
5,1,1,12,0.93
5,3,1,13,0.17
5,3,1,14,0.12
5,3,1,15,0.73
5,3,1,16,0.10
5,2,1,17,0.34
5,2,1,18,0.27
5,2,1,19,0.06
5,2,1,20,0.01
5,1,2,1,0.12
5,1,2,2,0.24
5,1,2,3,0.12
5,4,2,4,0.40
5,4,2,5,0.55
5,4,2,6,0.05
5,4,2,7,0.28
5,4,2,8,0.26
5,4,2,9,0.19
5,4,2,10,0.28
5,1,2,11,0.68
5,1,2,12,0.66
5,3,2,13,0.17
5,3,2,14,0.77
5,3,2,15,0.53
5,3,2,16,0.97
5,2,2,17,0.60
5,2,2,18,0.10
5,2,2,19,0.66
5,2,2,20,0.10
5,1,3,1,0.33
5,1,3,2,0.59
5,1,3,3,0.20
5,4,3,4,0.10
5,4,3,5,0.53
5,4,3,6,0.53
5,4,3,7,0.16
5,4,3,8,0.93
5,4,3,9,0.81
5,4,3,10,0.61
5,1,3,11,0.17
5,1,3,12,0.07
5,3,3,13,0.71
5,3,3,14,0.57
5,3,3,15,0.35
5,3,3,16,0.48
5,2,3,17,0.71
5,2,3,18,0.83
5,2,3,19,0.34
5,2,3,20,0.47
5,1,4,1,0.08
5,1,4,2,0.21
5,1,4,3,0.57
5,4,4,4,0.10
5,4,4,5,0.34
5,4,4,6,0.15
5,4,4,7,0.85
5,4,4,8,0.75
5,4,4,9,0.13
5,4,4,10,0.81
5,1,4,11,0.66
5,1,4,12,0.58
5,3,4,13,0.42
5,3,4,14,0.79
5,3,4,15,0.14
5,3,4,16,0.54
5,2,4,17,0.92
5,2,4,18,0.61
5,2,4,19,0.37
5,2,4,20,0.85
5,1,5,1,0.15
5,1,5,2,0.08
5,1,5,3,0.38
5,4,5,4,0.41
5,4,5,5,0.62
5,4,5,6,0.98
5,4,5,7,0.88
5,4,5,8,0.08
5,4,5,9,0.29
5,4,5,10,0.32
5,1,5,11,0.52
5,1,5,12,0.40
5,3,5,13,0.75
5,3,5,14,0.06
5,3,5,15,0.19
5,3,5,16,0.65
5,2,5,17,0.97
5,2,5,18,0.50
5,2,5,19,0.47
5,2,5,20,0.84
5,1,6,1,0.05
5,1,6,2,0.66
5,1,6,3,0.82
5,4,6,4,0.18
5,4,6,5,0.15
5,4,6,6,0.58
5,4,6,7,0.13
5,4,6,8,0.85
5,4,6,9,0.32
5,4,6,10,0.76
5,1,6,11,0.80
5,1,6,12,0.98
5,3,6,13,0.21
5,3,6,14,0.07
5,3,6,15,0.87
5,3,6,16,0.02
5,2,6,17,0.35
5,2,6,18,0.62
5,2,6,19,0.01
5,2,6,20,0.74
5,1,7,1,0.02
5,1,7,2,0.36
5,1,7,3,0.06
5,4,7,4,0.49
5,4,7,5,0.36
5,4,7,6,0.89
5,4,7,7,0.97
5,4,7,8,0.78
5,4,7,9,0.61
5,4,7,10,0.37
5,1,7,11,0.09
5,1,7,12,0.42
5,3,7,13,0.36
5,3,7,14,0.44
5,3,7,15,0.18
5,3,7,16,0.55
5,2,7,17,0.29
5,2,7,18,0.15
5,2,7,19,0.71
5,2,7,20,0.06
5,1,8,1,0.69
5,1,8,2,0.54
5,1,8,3,0.83
5,4,8,4,0.73
5,4,8,5,0.75
5,4,8,6,0.27
5,4,8,7,0.26
5,4,8,8,0.81
5,4,8,9,0.35
5,4,8,10,0.29
5,1,8,11,0.48
5,1,8,12,0.58
5,3,8,13,0.69
5,3,8,14,0.57
5,3,8,15,0.09
5,3,8,16,0.81
5,2,8,17,0.77
5,2,8,18,0.78
5,2,8,19,0.15
5,2,8,20,0.95
5,1,9,1,1.00
5,1,9,2,0.00
5,1,9,3,0.98
5,4,9,4,0.60
5,4,9,5,0.81
5,4,9,6,0.32
5,4,9,7,0.50
5,4,9,8,0.72
5,4,9,9,0.88
5,4,9,10,0.56
5,1,9,11,0.30
5,1,9,12,0.22
5,3,9,13,0.06
5,3,9,14,0.57
5,3,9,15,0.33
5,3,9,16,0.69
5,2,9,17,0.68
5,2,9,18,0.31
5,2,9,19,0.41
5,2,9,20,0.52
5,1,10,1,0.87
5,1,10,2,0.86
5,1,10,3,0.13
5,4,10,4,0.54
5,4,10,5,0.57
5,4,10,6,0.25
5,4,10,7,0.36
5,4,10,8,0.58
5,4,10,9,0.46
5,4,10,10,0.89
5,1,10,11,0.80
5,1,10,12,0.89
5,3,10,13,0.72
5,3,10,14,0.47
5,3,10,15,0.33
5,3,10,16,0.90
5,2,10,17,0.04
5,2,10,18,0.40
5,2,10,19,0.26
5,2,10,20,0.60
5,1,11,1,0.22
5,1,11,2,0.02
5,1,11,3,0.57
5,4,11,4,0.61
5,4,11,5,0.84
5,4,11,6,0.62
5,4,11,7,0.09
5,4,11,8,0.74
5,4,11,9,0.65
5,4,11,10,0.71
5,1,11,11,0.23
5,1,11,12,0.75
5,3,11,13,0.79
5,3,11,14,0.59
5,3,11,15,0.17
5,3,11,16,0.86
5,2,11,17,0.38
5,2,11,18,0.40
5,2,11,19,0.01
5,2,11,20,0.54
5,1,12,1,0.55
5,1,12,2,0.84
5,1,12,3,0.19
5,4,12,4,0.86
5,4,12,5,0.92
5,4,12,6,0.21
5,4,12,7,0.38
5,4,12,8,0.24
5,4,12,9,0.83
5,4,12,10,0.64
5,1,12,11,0.94
5,1,12,12,0.65
5,3,12,13,0.19
5,3,12,14,0.50
5,3,12,15,0.65
5,3,12,16,0.98
5,2,12,17,0.02
5,2,12,18,1.00
5,2,12,19,0.76
5,2,12,20,0.42
5,1,13,1,0.89
5,1,13,2,0.52
5,1,13,3,0.40
5,4,13,4,0.74
5,4,13,5,0.02
5,4,13,6,0.50
5,4,13,7,0.44
5,4,13,8,0.26
5,4,13,9,0.23
5,4,13,10,0.14
5,1,13,11,0.05
5,1,13,12,0.38
5,3,13,13,0.12
5,3,13,14,0.55
5,3,13,15,0.24
5,3,13,16,0.39
5,2,13,17,0.39
5,2,13,18,0.03
5,2,13,19,0.04
5,2,13,20,0.74
5,1,14,1,0.34
5,1,14,2,0.23
5,1,14,3,0.27
5,4,14,4,0.84
5,4,14,5,0.82
5,4,14,6,0.31
5,4,14,7,0.84
5,4,14,8,0.33
5,4,14,9,1.00
5,4,14,10,0.82
5,1,14,11,0.13
5,1,14,12,0.73
5,3,14,13,0.75
5,3,14,14,0.57
5,3,14,15,0.08
5,3,14,16,0.21
5,2,14,17,0.53
5,2,14,18,0.58
5,2,14,19,0.99
5,2,14,20,0.98
5,1,15,1,0.18
5,1,15,2,0.87
5,1,15,3,0.71
5,4,15,4,0.75
5,4,15,5,0.46
5,4,15,6,0.97
5,4,15,7,0.79
5,4,15,8,0.81
5,4,15,9,0.76
5,4,15,10,0.53
5,1,15,11,0.10
5,1,15,12,0.33
5,3,15,13,0.67
5,3,15,14,0.61
5,3,15,15,0.38
5,3,15,16,0.34
5,2,15,17,0.98
5,2,15,18,0.40
5,2,15,19,0.90
5,2,15,20,0.69
5,1,16,1,0.79
5,1,16,2,0.79
5,1,16,3,0.36
5,4,16,4,0.13
5,4,16,5,0.64
5,4,16,6,0.94
5,4,16,7,0.41
5,4,16,8,0.89
5,4,16,9,0.30
5,4,16,10,0.48
5,1,16,11,0.15
5,1,16,12,0.10
5,3,16,13,0.42
5,3,16,14,0.32
5,3,16,15,0.29
5,3,16,16,0.35
5,2,16,17,0.65
5,2,16,18,0.15
5,2,16,19,0.65
5,2,16,20,0.02
5,1,17,1,0.93
5,1,17,2,0.88
5,1,17,3,0.49
5,4,17,4,0.27
5,4,17,5,0.29
5,4,17,6,0.88
5,4,17,7,0.83
5,4,17,8,0.40
5,4,17,9,0.74
5,4,17,10,0.06
5,1,17,11,0.89
5,1,17,12,0.47
5,3,17,13,0.02
5,3,17,14,0.19
5,3,17,15,0.19
5,3,17,16,0.82
5,2,17,17,0.88
5,2,17,18,0.45
5,2,17,19,0.55
5,2,17,20,0.43
5,1,18,1,0.75
5,1,18,2,0.17
5,1,18,3,0.94
5,4,18,4,0.35
5,4,18,5,0.63
5,4,18,6,0.55
5,4,18,7,0.03
5,4,18,8,0.80
5,4,18,9,0.19
5,4,18,10,0.07
5,1,18,11,0.92
5,1,18,12,0.82
5,3,18,13,0.76
5,3,18,14,0.19
5,3,18,15,0.58
5,3,18,16,0.57
5,2,18,17,0.02
5,2,18,18,0.29
5,2,18,19,0.74
5,2,18,20,0.57
5,1,19,1,0.22
5,1,19,2,0.09
5,1,19,3,0.02
5,4,19,4,0.15
5,4,19,5,0.72
5,4,19,6,0.24
5,4,19,7,0.20
5,4,19,8,0.93
5,4,19,9,0.07
5,4,19,10,0.31
5,1,19,11,0.89
5,1,19,12,0.13
5,3,19,13,0.85
5,3,19,14,0.69
5,3,19,15,0.36
5,3,19,16,0.28
5,2,19,17,0.97
5,2,19,18,0.89
5,2,19,19,0.11
5,2,19,20,0.88
5,1,20,1,0.02
5,1,20,2,0.63
5,1,20,3,0.55
5,4,20,4,0.05
5,4,20,5,0.42
5,4,20,6,0.65
5,4,20,7,0.52
5,4,20,8,0.49
5,4,20,9,0.17
5,4,20,10,0.08
5,1,20,11,0.94
5,1,20,12,0.17
5,3,20,13,0.88
5,3,20,14,0.06
5,3,20,15,0.55
5,3,20,16,0.13
5,2,20,17,0.84
5,2,20,18,1.00
5,2,20,19,0.07
5,2,20,20,0.62
6,1,1,1,0.99
6,1,1,2,0.02
6,1,1,3,0.16
6,4,1,4,0.14
6,4,1,5,0.26
6,4,1,6,0.73
6,4,1,7,0.62
6,4,1,8,0.53
6,4,1,9,0.23
6,4,1,10,0.98
6,1,1,11,0.97
6,1,1,12,0.00
6,3,1,13,0.08
6,3,1,14,0.26
6,3,1,15,0.89
6,3,1,16,0.75
6,2,1,17,0.30
6,2,1,18,0.61
6,2,1,19,0.43
6,2,1,20,0.16
6,1,2,1,0.44
6,1,2,2,0.54
6,1,2,3,0.02
6,4,2,4,0.99
6,4,2,5,0.25
6,4,2,6,0.99
6,4,2,7,0.17
6,4,2,8,0.14
6,4,2,9,0.45
6,4,2,10,0.54
6,1,2,11,0.05
6,1,2,12,0.83
6,3,2,13,0.07
6,3,2,14,0.37
6,3,2,15,0.52
6,3,2,16,0.08
6,2,2,17,0.86
6,2,2,18,1.00
6,2,2,19,0.18
6,2,2,20,0.98
6,1,3,1,0.42
6,1,3,2,0.50
6,1,3,3,0.81
6,4,3,4,0.30
6,4,3,5,0.99
6,4,3,6,0.34
6,4,3,7,0.02
6,4,3,8,0.13
6,4,3,9,0.37
6,4,3,10,0.64
6,1,3,11,0.38
6,1,3,12,0.69
6,3,3,13,0.08
6,3,3,14,0.28
6,3,3,15,0.52
6,3,3,16,0.25
6,2,3,17,0.08
6,2,3,18,0.69
6,2,3,19,0.72
6,2,3,20,0.65
6,1,4,1,0.19
6,1,4,2,0.84
6,1,4,3,0.73
6,4,4,4,0.59
6,4,4,5,0.86
6,4,4,6,0.69
6,4,4,7,0.13
6,4,4,8,0.41
6,4,4,9,0.72
6,4,4,10,0.55
6,1,4,11,0.76
6,1,4,12,0.42
6,3,4,13,0.68
6,3,4,14,0.31
6,3,4,15,0.47
6,3,4,16,0.38
6,2,4,17,0.45
6,2,4,18,0.42
6,2,4,19,0.06
6,2,4,20,1.00
6,1,5,1,0.05
6,1,5,2,0.39
6,1,5,3,0.83
6,4,5,4,0.14
6,4,5,5,0.96
6,4,5,6,0.56
6,4,5,7,0.92
6,4,5,8,0.92
6,4,5,9,0.37
6,4,5,10,0.10
6,1,5,11,0.86
6,1,5,12,0.96
6,3,5,13,0.17
6,3,5,14,0.75
6,3,5,15,0.45
6,3,5,16,0.34
6,2,5,17,0.21
6,2,5,18,0.95
6,2,5,19,0.88
6,2,5,20,0.68
6,1,6,1,0.74
6,1,6,2,0.08
6,1,6,3,0.08
6,4,6,4,0.98
6,4,6,5,0.34
6,4,6,6,0.31
6,4,6,7,0.43
6,4,6,8,0.58
6,4,6,9,0.96
6,4,6,10,0.23
6,1,6,11,0.45
6,1,6,12,0.32
6,3,6,13,0.07
6,3,6,14,0.96
6,3,6,15,0.82
6,3,6,16,0.64
6,2,6,17,0.68
6,2,6,18,0.05
6,2,6,19,0.52
6,2,6,20,0.03
6,1,7,1,0.35
6,1,7,2,0.45
6,1,7,3,0.09
6,4,7,4,0.01
6,4,7,5,0.60
6,4,7,6,0.48
6,4,7,7,0.01
6,4,7,8,0.40
6,4,7,9,0.16
6,4,7,10,0.09
6,1,7,11,0.97
6,1,7,12,0.92
6,3,7,13,0.70
6,3,7,14,0.01
6,3,7,15,0.71
6,3,7,16,0.91
6,2,7,17,0.87
6,2,7,18,0.66
6,2,7,19,0.49
6,2,7,20,0.70
6,1,8,1,0.74
6,1,8,2,0.12
6,1,8,3,0.40
6,4,8,4,0.60
6,4,8,5,0.94
6,4,8,6,0.24
6,4,8,7,0.23
6,4,8,8,0.58
6,4,8,9,0.77
6,4,8,10,0.25
6,1,8,11,0.06
6,1,8,12,0.13
6,3,8,13,0.29
6,3,8,14,0.90
6,3,8,15,0.09
6,3,8,16,0.99
6,2,8,17,0.56
6,2,8,18,0.71
6,2,8,19,0.93
6,2,8,20,0.99
6,1,9,1,0.68
6,1,9,2,0.75
6,1,9,3,0.59
6,4,9,4,0.79
6,4,9,5,0.55
6,4,9,6,0.96
6,4,9,7,0.20
6,4,9,8,0.70
6,4,9,9,0.09
6,4,9,10,0.50
6,1,9,11,0.34
6,1,9,12,0.39
6,3,9,13,0.53
6,3,9,14,0.15
6,3,9,15,0.20
6,3,9,16,0.17
6,2,9,17,0.41
6,2,9,18,0.30
6,2,9,19,0.36
6,2,9,20,0.29
6,1,10,1,0.44
6,1,10,2,0.92
6,1,10,3,0.46
6,4,10,4,0.67
6,4,10,5,0.10
6,4,10,6,0.11
6,4,10,7,0.40
6,4,10,8,0.99
6,4,10,9,0.26
6,4,10,10,0.08
6,1,10,11,0.58
6,1,10,12,0.54
6,3,10,13,0.83
6,3,10,14,0.16
6,3,10,15,0.16
6,3,10,16,0.17
6,2,10,17,0.65
6,2,10,18,0.91
6,2,10,19,0.20
6,2,10,20,0.95
6,1,11,1,0.63
6,1,11,2,0.13
6,1,11,3,0.46
6,4,11,4,0.48
6,4,11,5,0.56
6,4,11,6,0.98
6,4,11,7,0.71
6,4,11,8,0.63
6,4,11,9,0.69
6,4,11,10,0.20
6,1,11,11,0.24
6,1,11,12,0.28
6,3,11,13,0.86
6,3,11,14,0.85
6,3,11,15,0.80
6,3,11,16,0.23
6,2,11,17,0.48
6,2,11,18,0.90
6,2,11,19,0.61
6,2,11,20,0.12
6,1,12,1,0.65
6,1,12,2,0.01
6,1,12,3,0.09
6,4,12,4,0.44
6,4,12,5,0.15
6,4,12,6,0.78
6,4,12,7,0.68
6,4,12,8,0.00
6,4,12,9,0.45
6,4,12,10,0.57
6,1,12,11,0.87
6,1,12,12,0.36
6,3,12,13,0.52
6,3,12,14,0.06
6,3,12,15,0.07
6,3,12,16,0.27
6,2,12,17,0.69
6,2,12,18,0.53
6,2,12,19,0.11
6,2,12,20,0.32
6,1,13,1,0.46
6,1,13,2,0.00
6,1,13,3,0.97
6,4,13,4,0.20
6,4,13,5,0.00
6,4,13,6,0.19
6,4,13,7,0.38
6,4,13,8,0.59
6,4,13,9,0.98
6,4,13,10,0.73
6,1,13,11,0.27
6,1,13,12,0.19
6,3,13,13,0.81
6,3,13,14,0.98
6,3,13,15,0.38
6,3,13,16,0.63
6,2,13,17,1.00
6,2,13,18,0.80
6,2,13,19,0.05
6,2,13,20,0.64
6,1,14,1,0.77
6,1,14,2,0.43
6,1,14,3,0.57
6,4,14,4,0.23
6,4,14,5,0.49
6,4,14,6,0.14
6,4,14,7,0.77
6,4,14,8,0.22
6,4,14,9,0.07
6,4,14,10,0.46
6,1,14,11,0.49
6,1,14,12,0.13
6,3,14,13,0.14
6,3,14,14,0.47
6,3,14,15,0.91
6,3,14,16,0.83
6,2,14,17,0.23
6,2,14,18,0.00
6,2,14,19,0.16
6,2,14,20,0.52
6,1,15,1,0.71
6,1,15,2,0.59
6,1,15,3,0.75
6,4,15,4,0.63
6,4,15,5,0.65
6,4,15,6,0.76
6,4,15,7,0.19
6,4,15,8,0.52
6,4,15,9,0.05
6,4,15,10,0.20
6,1,15,11,0.77
6,1,15,12,0.07
6,3,15,13,0.68
6,3,15,14,0.33
6,3,15,15,0.34
6,3,15,16,0.98
6,2,15,17,0.72
6,2,15,18,0.52
6,2,15,19,0.85
6,2,15,20,0.71
6,1,16,1,0.01
6,1,16,2,0.12
6,1,16,3,0.97
6,4,16,4,0.11
6,4,16,5,0.93
6,4,16,6,0.33
6,4,16,7,0.28
6,4,16,8,0.72
6,4,16,9,0.70
6,4,16,10,0.79
6,1,16,11,0.52
6,1,16,12,0.78
6,3,16,13,0.27
6,3,16,14,0.11
6,3,16,15,0.45
6,3,16,16,0.80
6,2,16,17,0.73
6,2,16,18,0.45
6,2,16,19,0.27
6,2,16,20,0.95
6,1,17,1,0.04
6,1,17,2,1.00
6,1,17,3,0.89
6,4,17,4,0.33
6,4,17,5,0.17
6,4,17,6,0.63
6,4,17,7,0.32
6,4,17,8,0.41
6,4,17,9,0.48
6,4,17,10,0.41
6,1,17,11,0.03
6,1,17,12,0.23
6,3,17,13,0.80
6,3,17,14,0.52
6,3,17,15,0.87
6,3,17,16,0.03
6,2,17,17,0.01
6,2,17,18,0.60
6,2,17,19,0.48
6,2,17,20,0.70
6,1,18,1,0.19
6,1,18,2,0.82
6,1,18,3,0.72
6,4,18,4,0.45
6,4,18,5,0.89
6,4,18,6,0.46
6,4,18,7,0.00
6,4,18,8,0.04
6,4,18,9,0.66
6,4,18,10,0.07
6,1,18,11,0.71
6,1,18,12,0.88
6,3,18,13,0.89
6,3,18,14,0.99
6,3,18,15,0.97
6,3,18,16,0.79
6,2,18,17,0.88
6,2,18,18,0.50
6,2,18,19,0.43
6,2,18,20,0.25
6,1,19,1,0.50
6,1,19,2,0.51
6,1,19,3,0.61
6,4,19,4,0.37
6,4,19,5,0.18
6,4,19,6,0.94
6,4,19,7,0.44
6,4,19,8,0.79
6,4,19,9,0.25
6,4,19,10,0.27
6,1,19,11,0.15
6,1,19,12,0.69
6,3,19,13,0.07
6,3,19,14,0.42
6,3,19,15,0.51
6,3,19,16,0.85
6,2,19,17,0.91
6,2,19,18,0.71
6,2,19,19,0.84
6,2,19,20,0.52
6,1,20,1,0.73
6,1,20,2,0.14
6,1,20,3,0.72
6,4,20,4,0.89
6,4,20,5,0.19
6,4,20,6,0.64
6,4,20,7,0.50
6,4,20,8,0.09
6,4,20,9,0.45
6,4,20,10,0.37
6,1,20,11,0.64
6,1,20,12,0.63
6,3,20,13,0.43
6,3,20,14,0.97
6,3,20,15,0.54
6,3,20,16,0.56
6,2,20,17,0.87
6,2,20,18,0.83
6,2,20,19,0.35
6,2,20,20,0.43
7,1,1,1,0.80
7,1,1,2,0.94
7,1,1,3,0.85
7,4,1,4,0.76
7,4,1,5,0.46
7,4,1,6,0.69
7,4,1,7,0.76
7,4,1,8,0.45
7,4,1,9,0.64
7,4,1,10,0.25
7,1,1,11,0.81
7,1,1,12,0.14
7,3,1,13,0.20
7,3,1,14,0.04
7,3,1,15,0.22
7,3,1,16,0.21
7,2,1,17,0.94
7,2,1,18,0.58
7,2,1,19,0.56
7,2,1,20,0.88
7,1,2,1,0.56
7,1,2,2,0.83
7,1,2,3,0.99
7,4,2,4,0.92
7,4,2,5,0.25
7,4,2,6,0.95
7,4,2,7,0.85
7,4,2,8,0.74
7,4,2,9,0.34
7,4,2,10,0.11
7,1,2,11,0.60
7,1,2,12,0.66
7,3,2,13,0.99
7,3,2,14,0.01
7,3,2,15,0.23
7,3,2,16,0.97
7,2,2,17,0.71
7,2,2,18,0.11
7,2,2,19,0.70
7,2,2,20,0.15
7,1,3,1,0.03
7,1,3,2,0.85
7,1,3,3,0.47
7,4,3,4,0.86
7,4,3,5,0.17
7,4,3,6,0.72
7,4,3,7,0.13
7,4,3,8,0.19
7,4,3,9,0.65
7,4,3,10,0.24
7,1,3,11,0.88
7,1,3,12,0.58
7,3,3,13,1.00
7,3,3,14,0.59
7,3,3,15,0.03
7,3,3,16,0.77
7,2,3,17,0.71
7,2,3,18,0.18
7,2,3,19,0.68
7,2,3,20,0.89
7,1,4,1,0.16
7,1,4,2,0.00
7,1,4,3,0.95
7,4,4,4,0.01
7,4,4,5,0.31
7,4,4,6,0.43
7,4,4,7,0.46
7,4,4,8,0.18
7,4,4,9,0.01
7,4,4,10,0.98
7,1,4,11,0.60
7,1,4,12,0.97
7,3,4,13,0.12
7,3,4,14,0.39
7,3,4,15,0.78
7,3,4,16,0.72
7,2,4,17,0.25
7,2,4,18,0.93
7,2,4,19,0.43
7,2,4,20,0.19
7,1,5,1,0.59
7,1,5,2,0.73
7,1,5,3,0.37
7,4,5,4,0.65
7,4,5,5,0.00
7,4,5,6,0.76
7,4,5,7,0.44
7,4,5,8,0.34
7,4,5,9,0.08
7,4,5,10,0.28
7,1,5,11,0.91
7,1,5,12,0.16
7,3,5,13,0.39
7,3,5,14,0.30
7,3,5,15,0.24
7,3,5,16,0.72
7,2,5,17,0.50
7,2,5,18,0.45
7,2,5,19,0.55
7,2,5,20,0.65
7,1,6,1,0.92
7,1,6,2,0.20
7,1,6,3,0.48
7,4,6,4,0.94
7,4,6,5,0.29
7,4,6,6,0.54
7,4,6,7,0.04
7,4,6,8,0.19
7,4,6,9,0.32
7,4,6,10,0.45
7,1,6,11,0.74
7,1,6,12,0.31
7,3,6,13,0.63
7,3,6,14,0.47
7,3,6,15,0.91
7,3,6,16,0.37
7,2,6,17,0.76
7,2,6,18,0.07
7,2,6,19,0.20
7,2,6,20,0.85
7,1,7,1,0.93
7,1,7,2,0.99
7,1,7,3,0.63
7,4,7,4,0.92
7,4,7,5,0.38
7,4,7,6,0.73
7,4,7,7,0.60
7,4,7,8,0.11
7,4,7,9,0.78
7,4,7,10,0.40
7,1,7,11,0.46
7,1,7,12,0.13
7,3,7,13,0.11
7,3,7,14,0.16
7,3,7,15,0.31
7,3,7,16,0.91
7,2,7,17,0.84
7,2,7,18,0.02
7,2,7,19,0.01
7,2,7,20,0.65
7,1,8,1,0.27
7,1,8,2,0.00
7,1,8,3,0.62
7,4,8,4,0.28
7,4,8,5,0.72
7,4,8,6,0.32
7,4,8,7,0.10
7,4,8,8,0.11
7,4,8,9,0.51
7,4,8,10,0.12
7,1,8,11,0.77
7,1,8,12,0.46
7,3,8,13,0.63
7,3,8,14,0.57
7,3,8,15,0.38
7,3,8,16,0.61
7,2,8,17,0.05
7,2,8,18,0.64
7,2,8,19,0.06
7,2,8,20,0.27
7,1,9,1,0.83
7,1,9,2,0.50
7,1,9,3,0.73
7,4,9,4,0.43
7,4,9,5,0.34
7,4,9,6,0.80
7,4,9,7,0.26
7,4,9,8,0.13
7,4,9,9,0.68
7,4,9,10,0.00
7,1,9,11,0.65
7,1,9,12,0.95
7,3,9,13,0.41
7,3,9,14,0.07
7,3,9,15,0.88
7,3,9,16,0.90
7,2,9,17,0.22
7,2,9,18,0.06
7,2,9,19,1.00
7,2,9,20,0.63
7,1,10,1,0.66
7,1,10,2,0.15
7,1,10,3,0.76
7,4,10,4,0.03
7,4,10,5,0.78
7,4,10,6,0.34
7,4,10,7,0.61
7,4,10,8,0.33
7,4,10,9,0.17
7,4,10,10,0.92
7,1,10,11,0.57
7,1,10,12,0.16
7,3,10,13,0.88
7,3,10,14,0.62
7,3,10,15,0.59
7,3,10,16,0.74
7,2,10,17,0.56
7,2,10,18,0.86
7,2,10,19,0.86
7,2,10,20,0.37
7,1,11,1,0.26
7,1,11,2,0.59
7,1,11,3,0.82
7,4,11,4,0.88
7,4,11,5,0.44
7,4,11,6,0.50
7,4,11,7,0.18
7,4,11,8,0.76
7,4,11,9,0.82
7,4,11,10,0.27
7,1,11,11,0.52
7,1,11,12,0.66
7,3,11,13,0.39
7,3,11,14,0.84
7,3,11,15,0.64
7,3,11,16,0.12
7,2,11,17,0.45
7,2,11,18,0.49
7,2,11,19,0.54
7,2,11,20,0.81
7,1,12,1,0.06
7,1,12,2,0.92
7,1,12,3,0.67
7,4,12,4,0.48
7,4,12,5,0.19
7,4,12,6,0.09
7,4,12,7,0.63
7,4,12,8,0.94
7,4,12,9,0.31
7,4,12,10,0.03
7,1,12,11,0.01
7,1,12,12,0.35
7,3,12,13,0.83
7,3,12,14,0.61
7,3,12,15,0.55
7,3,12,16,0.36
7,2,12,17,0.94
7,2,12,18,0.26
7,2,12,19,0.46
7,2,12,20,0.51
7,1,13,1,0.02
7,1,13,2,0.80
7,1,13,3,0.47
7,4,13,4,0.79
7,4,13,5,0.87
7,4,13,6,0.12
7,4,13,7,0.94
7,4,13,8,0.95
7,4,13,9,0.01
7,4,13,10,0.31
7,1,13,11,0.35
7,1,13,12,0.49
7,3,13,13,0.47
7,3,13,14,0.96
7,3,13,15,0.17
7,3,13,16,0.93
7,2,13,17,0.83
7,2,13,18,0.10
7,2,13,19,0.54
7,2,13,20,0.80
7,1,14,1,0.38
7,1,14,2,0.28
7,1,14,3,0.04
7,4,14,4,0.83
7,4,14,5,0.30
7,4,14,6,0.83
7,4,14,7,0.81
7,4,14,8,0.45
7,4,14,9,0.45
7,4,14,10,0.69
7,1,14,11,0.90
7,1,14,12,0.33
7,3,14,13,0.31
7,3,14,14,0.81
7,3,14,15,0.81
7,3,14,16,0.09
7,2,14,17,0.02
7,2,14,18,0.98
7,2,14,19,0.71
7,2,14,20,0.52
7,1,15,1,0.55
7,1,15,2,0.99
7,1,15,3,0.33
7,4,15,4,0.25
7,4,15,5,0.68
7,4,15,6,0.22
7,4,15,7,0.88
7,4,15,8,0.52
7,4,15,9,0.27
7,4,15,10,0.01
7,1,15,11,0.54
7,1,15,12,0.69
7,3,15,13,0.64
7,3,15,14,0.43
7,3,15,15,0.75
7,3,15,16,0.18
7,2,15,17,0.37
7,2,15,18,0.83
7,2,15,19,0.75
7,2,15,20,0.09
7,1,16,1,0.84
7,1,16,2,0.60
7,1,16,3,0.48
7,4,16,4,0.24
7,4,16,5,0.63
7,4,16,6,0.00
7,4,16,7,0.30
7,4,16,8,0.67
7,4,16,9,0.86
7,4,16,10,0.82
7,1,16,11,0.89
7,1,16,12,0.63
7,3,16,13,0.40
7,3,16,14,0.64
7,3,16,15,0.77
7,3,16,16,0.29
7,2,16,17,0.19
7,2,16,18,0.49
7,2,16,19,0.63
7,2,16,20,0.18
7,1,17,1,0.26
7,1,17,2,0.73
7,1,17,3,0.11
7,4,17,4,0.39
7,4,17,5,0.12
7,4,17,6,0.74
7,4,17,7,0.33
7,4,17,8,0.70
7,4,17,9,0.55
7,4,17,10,0.91
7,1,17,11,0.41
7,1,17,12,0.78
7,3,17,13,0.15
7,3,17,14,0.32
7,3,17,15,0.29
7,3,17,16,0.09
7,2,17,17,0.17
7,2,17,18,0.86
7,2,17,19,0.33
7,2,17,20,0.75
7,1,18,1,0.80
7,1,18,2,0.54
7,1,18,3,0.59
7,4,18,4,0.00
7,4,18,5,0.74
7,4,18,6,0.44
7,4,18,7,0.20
7,4,18,8,0.13
7,4,18,9,0.18
7,4,18,10,0.15
7,1,18,11,1.00
7,1,18,12,0.04
7,3,18,13,0.86
7,3,18,14,0.48
7,3,18,15,0.01
7,3,18,16,0.73
7,2,18,17,0.23
7,2,18,18,0.96
7,2,18,19,0.64
7,2,18,20,0.80
7,1,19,1,0.83
7,1,19,2,0.31
7,1,19,3,0.50
7,4,19,4,0.13
7,4,19,5,0.76
7,4,19,6,0.89
7,4,19,7,0.78
7,4,19,8,0.99
7,4,19,9,0.56
7,4,19,10,0.74
7,1,19,11,0.97
7,1,19,12,0.66
7,3,19,13,0.85
7,3,19,14,0.41
7,3,19,15,0.58
7,3,19,16,0.40
7,2,19,17,0.25
7,2,19,18,0.58
7,2,19,19,0.62
7,2,19,20,0.21
7,1,20,1,0.43
7,1,20,2,0.46
7,1,20,3,0.89
7,4,20,4,0.05
7,4,20,5,0.80
7,4,20,6,0.12
7,4,20,7,0.59
7,4,20,8,0.17
7,4,20,9,0.26
7,4,20,10,0.27
7,1,20,11,0.06
7,1,20,12,0.32
7,3,20,13,0.00
7,3,20,14,0.47
7,3,20,15,0.59
7,3,20,16,0.18
7,2,20,17,0.95
7,2,20,18,0.92
7,2,20,19,0.95
7,2,20,20,0.84
8,1,1,1,0.47
8,1,1,2,0.29
8,1,1,3,0.19
8,4,1,4,0.82
8,4,1,5,0.72
8,4,1,6,0.99
8,4,1,7,0.63
8,4,1,8,0.73
8,4,1,9,0.19
8,4,1,10,0.53
8,1,1,11,0.20
8,1,1,12,0.89
8,3,1,13,0.23
8,3,1,14,0.11
8,3,1,15,0.12
8,3,1,16,0.04
8,2,1,17,0.72
8,2,1,18,0.09
8,2,1,19,0.27
8,2,1,20,0.12
8,1,2,1,0.41
8,1,2,2,0.77
8,1,2,3,0.47
8,4,2,4,0.38
8,4,2,5,0.86
8,4,2,6,0.24
8,4,2,7,0.09
8,4,2,8,0.20
8,4,2,9,0.56
8,4,2,10,0.97
8,1,2,11,0.97
8,1,2,12,0.13
8,3,2,13,0.38
8,3,2,14,0.73
8,3,2,15,0.56
8,3,2,16,0.47
8,2,2,17,0.82
8,2,2,18,0.15
8,2,2,19,0.26
8,2,2,20,0.52
8,1,3,1,0.73
8,1,3,2,0.35
8,1,3,3,0.80
8,4,3,4,0.52
8,4,3,5,0.80
8,4,3,6,0.77
8,4,3,7,0.84
8,4,3,8,0.55
8,4,3,9,0.24
8,4,3,10,0.40
8,1,3,11,0.39
8,1,3,12,0.43
8,3,3,13,0.28
8,3,3,14,0.44
8,3,3,15,0.75
8,3,3,16,0.20
8,2,3,17,0.98
8,2,3,18,0.32
8,2,3,19,0.20
8,2,3,20,0.49
8,1,4,1,0.85
8,1,4,2,0.28
8,1,4,3,0.53
8,4,4,4,0.20
8,4,4,5,0.56
8,4,4,6,0.44
8,4,4,7,0.61
8,4,4,8,0.49
8,4,4,9,0.66
8,4,4,10,0.90
8,1,4,11,0.91
8,1,4,12,0.16
8,3,4,13,0.09
8,3,4,14,0.82
8,3,4,15,0.64
8,3,4,16,0.36
8,2,4,17,0.52
8,2,4,18,0.91
8,2,4,19,0.74
8,2,4,20,0.02
8,1,5,1,0.21
8,1,5,2,0.50
8,1,5,3,0.18
8,4,5,4,1.00
8,4,5,5,0.46
8,4,5,6,0.47
8,4,5,7,0.24
8,4,5,8,0.78
8,4,5,9,0.53
8,4,5,10,0.57
8,1,5,11,0.66
8,1,5,12,0.13
8,3,5,13,0.23
8,3,5,14,0.04
8,3,5,15,0.28
8,3,5,16,0.52
8,2,5,17,0.63
8,2,5,18,0.07
8,2,5,19,0.03
8,2,5,20,0.58
8,1,6,1,0.44
8,1,6,2,0.43
8,1,6,3,0.96
8,4,6,4,0.22
8,4,6,5,0.39
8,4,6,6,0.70
8,4,6,7,0.57
8,4,6,8,0.98
8,4,6,9,0.62
8,4,6,10,0.72
8,1,6,11,0.43
8,1,6,12,0.32
8,3,6,13,0.97
8,3,6,14,0.03
8,3,6,15,0.39
8,3,6,16,0.41
8,2,6,17,0.89
8,2,6,18,0.06
8,2,6,19,0.42
8,2,6,20,0.37
8,1,7,1,1.00
8,1,7,2,0.20
8,1,7,3,0.10
8,4,7,4,0.50
8,4,7,5,0.90
8,4,7,6,0.64
8,4,7,7,0.00
8,4,7,8,0.38
8,4,7,9,0.84
8,4,7,10,0.55
8,1,7,11,0.40
8,1,7,12,0.86
8,3,7,13,0.42
8,3,7,14,0.82
8,3,7,15,0.40
8,3,7,16,0.75
8,2,7,17,0.83
8,2,7,18,0.88
8,2,7,19,0.16
8,2,7,20,0.26
8,1,8,1,0.23
8,1,8,2,0.53
8,1,8,3,0.52
8,4,8,4,0.03
8,4,8,5,0.67
8,4,8,6,0.37
8,4,8,7,0.88
8,4,8,8,0.75
8,4,8,9,0.50
8,4,8,10,0.90
8,1,8,11,0.81
8,1,8,12,0.47
8,3,8,13,0.92
8,3,8,14,0.33
8,3,8,15,0.75
8,3,8,16,0.13
8,2,8,17,0.53
8,2,8,18,0.14
8,2,8,19,0.86
8,2,8,20,0.68
8,1,9,1,0.32
8,1,9,2,0.78
8,1,9,3,0.93
8,4,9,4,0.56
8,4,9,5,0.78
8,4,9,6,0.41
8,4,9,7,0.14
8,4,9,8,0.48
8,4,9,9,0.95
8,4,9,10,0.90
8,1,9,11,0.34
8,1,9,12,0.94
8,3,9,13,0.58
8,3,9,14,0.67
8,3,9,15,0.22
8,3,9,16,0.88
8,2,9,17,0.38
8,2,9,18,0.71
8,2,9,19,0.66
8,2,9,20,0.05
8,1,10,1,0.26
8,1,10,2,0.49
8,1,10,3,0.60
8,4,10,4,0.42
8,4,10,5,0.63
8,4,10,6,0.04
8,4,10,7,0.37
8,4,10,8,0.57
8,4,10,9,0.76
8,4,10,10,0.30
8,1,10,11,0.81
8,1,10,12,0.19
8,3,10,13,0.20
8,3,10,14,0.84
8,3,10,15,0.50
8,3,10,16,0.78
8,2,10,17,0.04
8,2,10,18,0.43
8,2,10,19,0.19
8,2,10,20,0.06
8,1,11,1,0.35
8,1,11,2,0.10
8,1,11,3,0.71
8,4,11,4,0.83
8,4,11,5,0.52
8,4,11,6,0.23
8,4,11,7,0.81
8,4,11,8,0.84
8,4,11,9,0.70
8,4,11,10,0.08
8,1,11,11,0.42
8,1,11,12,0.05
8,3,11,13,0.04
8,3,11,14,0.65
8,3,11,15,0.44
8,3,11,16,0.19
8,2,11,17,0.60
8,2,11,18,0.53
8,2,11,19,0.78
8,2,11,20,0.85
8,1,12,1,0.64
8,1,12,2,0.34
8,1,12,3,0.64
8,4,12,4,0.89
8,4,12,5,0.34
8,4,12,6,0.37
8,4,12,7,0.27
8,4,12,8,0.84
8,4,12,9,0.60
8,4,12,10,0.09
8,1,12,11,0.59
8,1,12,12,0.16
8,3,12,13,0.46
8,3,12,14,0.63
8,3,12,15,0.89
8,3,12,16,0.80
8,2,12,17,0.76
8,2,12,18,0.53
8,2,12,19,0.73
8,2,12,20,0.04
8,1,13,1,0.07
8,1,13,2,0.73
8,1,13,3,0.55
8,4,13,4,0.31
8,4,13,5,0.10
8,4,13,6,0.08
8,4,13,7,0.76
8,4,13,8,0.80
8,4,13,9,0.46
8,4,13,10,0.49
8,1,13,11,0.93
8,1,13,12,0.76
8,3,13,13,0.87
8,3,13,14,0.66
8,3,13,15,0.78
8,3,13,16,0.41
8,2,13,17,0.13
8,2,13,18,0.89
8,2,13,19,0.83
8,2,13,20,0.14
8,1,14,1,0.68
8,1,14,2,0.17
8,1,14,3,0.48
8,4,14,4,0.76
8,4,14,5,0.52
8,4,14,6,0.71
8,4,14,7,0.81
8,4,14,8,0.91
8,4,14,9,0.84
8,4,14,10,0.74
8,1,14,11,0.92
8,1,14,12,0.30
8,3,14,13,0.59
8,3,14,14,0.35
8,3,14,15,0.12
8,3,14,16,0.81
8,2,14,17,0.22
8,2,14,18,0.83
8,2,14,19,0.23
8,2,14,20,0.22
8,1,15,1,0.89
8,1,15,2,0.63
8,1,15,3,0.54
8,4,15,4,0.25
8,4,15,5,0.89
8,4,15,6,0.59
8,4,15,7,0.08
8,4,15,8,0.23
8,4,15,9,0.81
8,4,15,10,0.56
8,1,15,11,0.98
8,1,15,12,0.40
8,3,15,13,0.91
8,3,15,14,0.08
8,3,15,15,0.04
8,3,15,16,0.75
8,2,15,17,0.85
8,2,15,18,0.74
8,2,15,19,0.39
8,2,15,20,0.35
8,1,16,1,0.22
8,1,16,2,0.12
8,1,16,3,0.91
8,4,16,4,0.84
8,4,16,5,0.95
8,4,16,6,0.25
8,4,16,7,0.61
8,4,16,8,0.38
8,4,16,9,0.39
8,4,16,10,0.07
8,1,16,11,0.47
8,1,16,12,0.04
8,3,16,13,0.50
8,3,16,14,0.33
8,3,16,15,0.94
8,3,16,16,0.14
8,2,16,17,0.69
8,2,16,18,0.59
8,2,16,19,0.23
8,2,16,20,0.51
8,1,17,1,0.10
8,1,17,2,0.22
8,1,17,3,0.22
8,4,17,4,0.08
8,4,17,5,0.65
8,4,17,6,0.06
8,4,17,7,0.71
8,4,17,8,0.28
8,4,17,9,0.92
8,4,17,10,0.66
8,1,17,11,0.91
8,1,17,12,0.72
8,3,17,13,0.35
8,3,17,14,0.69
8,3,17,15,0.05
8,3,17,16,0.29
8,2,17,17,0.44
8,2,17,18,0.74
8,2,17,19,0.01
8,2,17,20,0.17
8,1,18,1,0.94
8,1,18,2,0.68
8,1,18,3,0.74
8,4,18,4,1.00
8,4,18,5,0.15
8,4,18,6,0.39
8,4,18,7,0.53
8,4,18,8,0.06
8,4,18,9,0.79
8,4,18,10,0.24
8,1,18,11,0.54
8,1,18,12,0.74
8,3,18,13,0.81
8,3,18,14,0.91
8,3,18,15,0.35
8,3,18,16,0.29
8,2,18,17,0.96
8,2,18,18,0.96
8,2,18,19,0.68
8,2,18,20,0.06
8,1,19,1,0.59
8,1,19,2,0.03
8,1,19,3,0.14
8,4,19,4,0.03
8,4,19,5,0.85
8,4,19,6,0.94
8,4,19,7,0.96
8,4,19,8,0.22
8,4,19,9,0.62
8,4,19,10,0.37
8,1,19,11,0.40
8,1,19,12,0.21
8,3,19,13,0.72
8,3,19,14,0.38
8,3,19,15,0.62
8,3,19,16,0.17
8,2,19,17,0.93
8,2,19,18,0.88
8,2,19,19,0.23
8,2,19,20,0.44
8,1,20,1,0.87
8,1,20,2,0.73
8,1,20,3,0.60
8,4,20,4,0.30
8,4,20,5,1.00
8,4,20,6,0.08
8,4,20,7,0.02
8,4,20,8,0.69
8,4,20,9,0.50
8,4,20,10,0.24
8,1,20,11,0.15
8,1,20,12,0.67
8,3,20,13,0.98
8,3,20,14,0.45
8,3,20,15,0.55
8,3,20,16,0.13
8,2,20,17,0.42
8,2,20,18,0.72
8,2,20,19,0.89
8,2,20,20,0.95
